{"cameraMode":{"drawMode":0,"name":"Shaded","section":"Shading Mode"},"sceneLighting":true,"audioPlay":false,"sceneViewState":{"showFog":true,"showMaterialUpdate":true,"showSkybox":true,"showFlares":true,"showImageEffects":true,"showParticleSystems":true},"in2DMode":false,"pivot":{"x":615.6319580078125,"y":419.7921142578125,"z":-13.588409423828125},"rotation":{"x":0.02010113187134266,"y":0.005091797560453415,"z":0.00009853090159595013,"w":-0.9998143315315247},"size":497.4334716796875,"orthographic":false}